{
  "swagger" : "2.0",
  "info" : {
    "version" : "1.0",
    "title" : "REST-CLI"
  },
  "host" : "192.168.99.1:8083",
  "schemes" : [ "http" ],
  "consumes" : [ "application/json" ],
  "produces" : [ "application/json" ],
  "paths" : {
    "/audit/getaudit/{id}" : {
      "get" : {
        "tags" : [ "Audit/GetAudit" ],
        "produces" : [ "application/json" ],
        "parameters" : [ {
          "name" : "id",
          "in" : "path",
          "required" : true,
          "type" : "string"
        } ],
        "responses" : {
          "200" : {
            "description" : "Sample Description",
            "schema" : {
              "type" : "string"
            }
          }
        }
      }
    },
    "/audit/removeaudit" : {
      "post" : {
        "tags" : [ "Audit/RemoveAudit" ],
        "consumes" : [ "application/json" ],
        "produces" : [ "application/json" ],
        "parameters" : [ {
          "in" : "body",
          "name" : "removeAuditRequest",
          "description" : "Sample Description",
          "required" : true,
          "schema" : {
            "$ref" : "#/definitions/removeAuditRequest"
          }
        } ],
        "responses" : {
          "200" : {
            "description" : "Sample Description",
            "schema" : {
              "type" : "string"
            }
          }
        }
      }
    },
    "/audit/searchforaudits" : {
      "post" : {
        "tags" : [ "Audit/SearchForAudits" ],
        "summary" : "Search For Audits",
        "consumes" : [ "application/json" ],
        "produces" : [ "application/json" ],
        "parameters" : [ {
          "in" : "body",
          "name" : "searchForAuditRequest",
          "description" : "Sample Description",
          "required" : true,
          "schema" : {
            "$ref" : "#/definitions/searchForAuditRequest"
          }
        } ],
        "responses" : {
          "200" : {
            "description" : "Sample Description",
            "schema" : {
              "type" : "string"
            }
          }
        }
      }
    },
    "/department/adddepartment" : {
      "post" : {
        "tags" : [ "Department/AddDepartment" ],
        "consumes" : [ "application/json" ],
        "produces" : [ "application/json" ],
        "parameters" : [ {
          "in" : "body",
          "name" : "Element",
          "description" : "Sample Description",
          "required" : true,
          "schema" : {
            "$ref" : "#/definitions/Element"
          }
        } ],
        "responses" : {
          "200" : {
            "description" : "Sample Description",
            "schema" : {
              "type" : "string"
            }
          }
        }
      }
    },
    "/department/getdepartment/{name}" : {
      "get" : {
        "tags" : [ "Department/GetDepartment" ],
        "produces" : [ "application/json" ],
        "parameters" : [ {
          "name" : "name",
          "in" : "path",
          "required" : true,
          "type" : "string"
        } ],
        "responses" : {
          "200" : {
            "description" : "Sample Description",
            "schema" : {
              "type" : "string"
            }
          }
        }
      }
    },
    "/department/removedepartment" : {
      "post" : {
        "tags" : [ "Department/RemoveDepartment" ],
        "consumes" : [ "application/json" ],
        "produces" : [ "application/json" ],
        "parameters" : [ {
          "in" : "body",
          "name" : "name",
          "description" : "Sample Description",
          "required" : true,
          "schema" : {
            "type" : "string"
          }
        } ],
        "responses" : {
          "200" : {
            "description" : "Sample Description",
            "schema" : {
              "type" : "string"
            }
          }
        }
      }
    },
    "/department/retrievealldepartments" : {
      "get" : {
        "tags" : [ "Department/RetrieveAllDepartments" ],
        "summary" : "Displays all departments defined to the MFTCC system.",
        "produces" : [ "application/json" ],
        "parameters" : [ ],
        "responses" : {
          "200" : {
            "description" : "Sample Description",
            "schema" : {
              "type" : "string"
            }
          }
        }
      }
    },
    "/department/updatedepartment" : {
      "post" : {
        "tags" : [ "Department/UpdateDepartment" ],
        "summary" : "Update a department.",
        "consumes" : [ "application/json" ],
        "produces" : [ "application/json" ],
        "parameters" : [ {
          "in" : "body",
          "name" : "Element",
          "description" : "Sample Description",
          "required" : true,
          "schema" : {
            "$ref" : "#/definitions/Element"
          }
        } ],
        "responses" : {
          "200" : {
            "description" : "Sample Description",
            "schema" : {
              "type" : "string"
            }
          }
        }
      }
    },
    "/group/addgroup" : {
      "post" : {
        "tags" : [ "Group/AddGroup" ],
        "summary" : "Define a group.",
        "consumes" : [ "application/json" ],
        "produces" : [ "application/json" ],
        "parameters" : [ {
          "in" : "body",
          "name" : "Element",
          "description" : "Sample Description",
          "required" : true,
          "schema" : {
            "$ref" : "#/definitions/Element"
          }
        } ],
        "responses" : {
          "200" : {
            "description" : "Sample Description",
            "schema" : {
              "type" : "string"
            }
          }
        }
      }
    },
    "/group/addusertogroup" : {
      "post" : {
        "tags" : [ "Group/AddUserToGroup" ],
        "summary" : "Add user to group.",
        "consumes" : [ "application/json" ],
        "produces" : [ "application/json" ],
        "parameters" : [ {
          "in" : "body",
          "name" : "Element",
          "description" : "Sample Description",
          "required" : true,
          "schema" : {
            "$ref" : "#/definitions/Element"
          }
        } ],
        "responses" : {
          "200" : {
            "description" : "Sample Description",
            "schema" : {
              "type" : "string"
            }
          }
        }
      }
    },
    "/group/getgroup/{Group}" : {
      "get" : {
        "tags" : [ "Group/GetGroup" ],
        "summary" : "Get a group.",
        "produces" : [ "application/json" ],
        "parameters" : [ {
          "name" : "Group",
          "in" : "path",
          "required" : true,
          "type" : "string"
        } ],
        "responses" : {
          "200" : {
            "description" : "Sample Description",
            "schema" : {
              "type" : "string"
            }
          }
        }
      }
    },
    "/group/removegroup/{group}" : {
      "delete" : {
        "tags" : [ "Group/RemoveGroup" ],
        "summary" : "Remove group.",
        "consumes" : [ "application/json" ],
        "produces" : [ "application/json" ],
        "parameters" : [ {
          "name" : "group",
          "in" : "path",
          "required" : true,
          "type" : "string"
        } ],
        "responses" : {
          "200" : {
            "description" : "Sample Description",
            "schema" : {
              "type" : "string"
            }
          }
        }
      }
    },
    "/group/removeuserfromgroup" : {
      "delete" : {
        "tags" : [ "Group/RemoveUserFromGroup" ],
        "summary" : "Remove user from a group.",
        "consumes" : [ "application/json" ],
        "produces" : [ "application/json" ],
        "parameters" : [ {
          "name" : "group",
          "in" : "query",
          "required" : false,
          "type" : "string"
        }, {
          "name" : "user",
          "in" : "query",
          "required" : false,
          "type" : "string"
        } ],
        "responses" : {
          "200" : {
            "description" : "Sample Description",
            "schema" : {
              "type" : "string"
            }
          }
        }
      }
    },
    "/group/retrieveallgroups" : {
      "get" : {
        "tags" : [ "Group/RetrieveAllGroups" ],
        "summary" : "Retrieve all groups.",
        "produces" : [ "application/json" ],
        "parameters" : [ ],
        "responses" : {
          "200" : {
            "description" : "Sample Description",
            "schema" : {
              "type" : "string"
            }
          }
        }
      }
    },
    "/group/retrieveallgroupsforuser/{user}" : {
      "get" : {
        "tags" : [ "Group/RetrieveAllGroupsForUser" ],
        "summary" : "Retrieve all groups for a user.",
        "produces" : [ "application/json" ],
        "parameters" : [ {
          "name" : "user",
          "in" : "path",
          "required" : true,
          "type" : "string"
        } ],
        "responses" : {
          "200" : {
            "description" : "Sample Description",
            "schema" : {
              "type" : "string"
            }
          }
        }
      }
    },
    "/group/retrieveallusersingroup/{group}" : {
      "get" : {
        "tags" : [ "Group/RetrieveAllUsersInGroup" ],
        "summary" : "Retrieve all users in a group.",
        "produces" : [ "application/json" ],
        "parameters" : [ {
          "name" : "group",
          "in" : "path",
          "required" : true,
          "type" : "string"
        } ],
        "responses" : {
          "200" : {
            "description" : "Sample Description",
            "schema" : {
              "type" : "string"
            }
          }
        }
      }
    },
    "/help" : {
      "get" : {
        "tags" : [ "help" ],
        "summary" : "Get help information.",
        "produces" : [ "application/json" ],
        "parameters" : [ {
          "name" : "command",
          "in" : "query",
          "required" : false,
          "type" : "string"
        } ],
        "responses" : {
          "200" : {
            "description" : "Sample Description",
            "schema" : {
              "type" : "string"
            }
          }
        }
      }
    },
    "/misc/getcopyrightinfo" : {
      "get" : {
        "tags" : [ "Misc/GetCopyrightInfo" ],
        "summary" : "Get copyright info.",
        "produces" : [ "application/json" ],
        "parameters" : [ ],
        "responses" : {
          "200" : {
            "description" : "Sample Description",
            "schema" : {
              "type" : "string"
            }
          }
        }
      }
    },
    "/misc/getproductnameversion" : {
      "get" : {
        "tags" : [ "Misc/GetProductNameVersion" ],
        "produces" : [ "application/json" ],
        "parameters" : [ ],
        "responses" : {
          "200" : {
            "description" : "Sample Description",
            "schema" : {
              "type" : "array",
              "items" : {
                "type" : "string"
              }
            }
          }
        }
      }
    },
    "/role/addusertorole" : {
      "patch" : {
        "tags" : [ "Role/AddUserToRole" ],
        "summary" : "Add a user to a role.",
        "consumes" : [ "application/json" ],
        "produces" : [ "application/json" ],
        "parameters" : [ {
          "in" : "body",
          "name" : "Element",
          "description" : "Sample Description",
          "required" : true,
          "schema" : {
            "$ref" : "#/definitions/Element"
          }
        } ],
        "responses" : {
          "200" : {
            "description" : "Sample Description",
            "schema" : {
              "type" : "string"
            }
          }
        }
      }
    },
    "/role/getrole/{role}" : {
      "get" : {
        "tags" : [ "Role/GetRole" ],
        "summary" : "Get role information.",
        "produces" : [ "application/json" ],
        "parameters" : [ {
          "name" : "role",
          "in" : "path",
          "required" : true,
          "type" : "string"
        } ],
        "responses" : {
          "200" : {
            "description" : "Sample Description",
            "schema" : {
              "type" : "string"
            }
          }
        }
      }
    },
    "/role/removeuserfromrole" : {
      "patch" : {
        "tags" : [ "Role/RemoveUserFromRole" ],
        "summary" : "Remove user from role.",
        "consumes" : [ "application/json" ],
        "produces" : [ "application/json" ],
        "parameters" : [ {
          "in" : "body",
          "name" : "Element",
          "description" : "Sample Description",
          "required" : true,
          "schema" : {
            "$ref" : "#/definitions/Element"
          }
        } ],
        "responses" : {
          "200" : {
            "description" : "Sample Description",
            "schema" : {
              "type" : "string"
            }
          }
        }
      }
    },
    "/role/retrieveallroles" : {
      "get" : {
        "tags" : [ "Role/RetrieveAllRoles" ],
        "summary" : "Retrieve all roles.",
        "produces" : [ "application/json" ],
        "parameters" : [ ],
        "responses" : {
          "200" : {
            "description" : "Sample Description",
            "schema" : {
              "type" : "string"
            }
          }
        }
      }
    },
    "/role/retrieveallrolesforuser/{user}" : {
      "get" : {
        "tags" : [ "Role/RetrieveAllRolesForUser" ],
        "summary" : "Retrieve all roles for a user.",
        "produces" : [ "application/json" ],
        "parameters" : [ {
          "name" : "user",
          "in" : "path",
          "required" : true,
          "type" : "string"
        } ],
        "responses" : {
          "200" : {
            "description" : "Sample Description",
            "schema" : {
              "type" : "string"
            }
          }
        }
      }
    },
    "/role/retrieveallusersinrole/{role}" : {
      "get" : {
        "tags" : [ "Role/RetrieveAllUsersInRole" ],
        "summary" : "Retrieve all users in a role.",
        "produces" : [ "application/json" ],
        "parameters" : [ {
          "name" : "role",
          "in" : "path",
          "required" : true,
          "type" : "string"
        } ],
        "responses" : {
          "200" : {
            "description" : "Sample Description",
            "schema" : {
              "type" : "string"
            }
          }
        }
      }
    },
    "/server/addserver" : {
      "post" : {
        "tags" : [ "Server/AddServer" ],
        "summary" : "Add Server",
        "consumes" : [ "application/json" ],
        "produces" : [ "application/json" ],
        "parameters" : [ {
          "in" : "body",
          "name" : "Element",
          "description" : "Sample Description",
          "required" : true,
          "schema" : {
            "$ref" : "#/definitions/Element"
          }
        } ],
        "responses" : {
          "200" : {
            "description" : "Sample Description",
            "schema" : {
              "type" : "string"
            }
          }
        }
      }
    },
    "/server/getserver/{servername}" : {
      "get" : {
        "tags" : [ "Server/GetServer" ],
        "produces" : [ "application/json" ],
        "parameters" : [ {
          "name" : "servername",
          "in" : "path",
          "required" : true,
          "type" : "string"
        } ],
        "responses" : {
          "200" : {
            "description" : "Sample Description",
            "schema" : {
              "type" : "string"
            }
          }
        }
      }
    },
    "/server/removeserver/{server}" : {
      "delete" : {
        "tags" : [ "Server/RemoveServer" ],
        "summary" : "Remove server.",
        "consumes" : [ "application/json" ],
        "produces" : [ "application/json" ],
        "parameters" : [ {
          "name" : "server",
          "in" : "path",
          "required" : true,
          "type" : "string"
        } ],
        "responses" : {
          "200" : {
            "description" : "Sample Description",
            "schema" : {
              "type" : "string"
            }
          }
        }
      }
    },
    "/server/retrieveallservers" : {
      "get" : {
        "tags" : [ "Server/RetrieveAllServers" ],
        "summary" : "Retrieve all servers.",
        "produces" : [ "application/json" ],
        "parameters" : [ ],
        "responses" : {
          "200" : {
            "description" : "Sample Description",
            "schema" : {
              "type" : "string"
            }
          }
        }
      }
    },
    "/server/updateserver" : {
      "patch" : {
        "tags" : [ "Server/UpdateServer" ],
        "summary" : "Command action is used to update an existing MFTCC node definition.",
        "consumes" : [ "application/json" ],
        "produces" : [ "application/json" ],
        "parameters" : [ {
          "in" : "body",
          "name" : "Element",
          "description" : "Sample Description",
          "required" : true,
          "schema" : {
            "$ref" : "#/definitions/Element"
          }
        } ],
        "responses" : {
          "200" : {
            "description" : "Sample Description",
            "schema" : {
              "type" : "string"
            }
          }
        }
      }
    },
    "/session/deleteexpiredsessionids" : {
      "delete" : {
        "tags" : [ "Session/DeleteExpiredSessionIds" ],
        "summary" : "Delete expired session IDs",
        "consumes" : [ "application/json" ],
        "produces" : [ "application/json" ],
        "parameters" : [ ],
        "responses" : {
          "200" : {
            "description" : "Sample Description",
            "schema" : {
              "type" : "string"
            }
          }
        }
      }
    },
    "/session/deletesession/{sessionid}" : {
      "delete" : {
        "tags" : [ "Session/DeleteSession" ],
        "summary" : "Delete session ID.",
        "consumes" : [ "application/json" ],
        "produces" : [ "application/json" ],
        "parameters" : [ {
          "name" : "sessionid",
          "in" : "path",
          "required" : true,
          "type" : "string"
        } ],
        "responses" : {
          "200" : {
            "description" : "Sample Description",
            "schema" : {
              "type" : "string"
            }
          }
        }
      }
    },
    "/session/getexpiredsessionids" : {
      "get" : {
        "tags" : [ "Session/GetExpiredSessionIds" ],
        "summary" : "Get expired session IDs",
        "produces" : [ "application/json" ],
        "parameters" : [ ],
        "responses" : {
          "200" : {
            "description" : "Sample Description",
            "schema" : {
              "type" : "string"
            }
          }
        }
      }
    },
    "/session/listactivesessionids" : {
      "get" : {
        "tags" : [ "Session/ListActiveSessionIds" ],
        "summary" : "Get active session IDs",
        "produces" : [ "application/json" ],
        "parameters" : [ ],
        "responses" : {
          "200" : {
            "description" : "Sample Description",
            "schema" : {
              "type" : "string"
            }
          }
        }
      }
    },
    "/transfer/addtransfer" : {
      "post" : {
        "tags" : [ "Transfer/AddTransfer" ],
        "consumes" : [ "application/json" ],
        "produces" : [ "application/json" ],
        "parameters" : [ {
          "in" : "body",
          "name" : "Element",
          "description" : "Sample Description",
          "required" : true,
          "schema" : {
            "$ref" : "#/definitions/Element"
          }
        } ],
        "responses" : {
          "200" : {
            "description" : "Sample Description",
            "schema" : {
              "type" : "string"
            }
          }
        }
      }
    },
    "/transfer/deleteexpiredtransfers" : {
      "delete" : {
        "tags" : [ "Transfer/DeleteExpiredTransfers" ],
        "summary" : "Delete expired transfers.",
        "consumes" : [ "application/json" ],
        "produces" : [ "application/json" ],
        "parameters" : [ ],
        "responses" : {
          "200" : {
            "description" : "Sample Description",
            "schema" : {
              "type" : "string"
            }
          }
        }
      }
    },
    "/transfer/gettransfer/{transferid}" : {
      "get" : {
        "tags" : [ "Transfer/GetTransfer" ],
        "summary" : "Get transfer definition.",
        "produces" : [ "application/json" ],
        "parameters" : [ {
          "name" : "transferid",
          "in" : "path",
          "required" : true,
          "type" : "string"
        } ],
        "responses" : {
          "200" : {
            "description" : "Sample Description",
            "schema" : {
              "type" : "string"
            }
          }
        }
      }
    },
    "/transfer/removetransfer/{transferid}" : {
      "delete" : {
        "tags" : [ "Transfer/RemoveTransfer" ],
        "summary" : "Remove a file definition",
        "consumes" : [ "application/json" ],
        "produces" : [ "application/json" ],
        "parameters" : [ {
          "name" : "transferid",
          "in" : "path",
          "required" : true,
          "type" : "string"
        } ],
        "responses" : {
          "200" : {
            "description" : "Sample Description",
            "schema" : {
              "type" : "string"
            }
          }
        }
      }
    },
    "/transfer/retrievealltransfers" : {
      "get" : {
        "tags" : [ "Transfer/RetrieveAllTransfers" ],
        "summary" : "Retrieve all file definitions.",
        "produces" : [ "application/json" ],
        "parameters" : [ ],
        "responses" : {
          "200" : {
            "description" : "Sample Description",
            "schema" : {
              "type" : "string"
            }
          }
        }
      }
    },
    "/transfer/retrievealltransfersforuser/{userid}" : {
      "get" : {
        "tags" : [ "Transfer/RetrieveAllTransfersForUser" ],
        "summary" : "Retrieve file definitions for a user ID.",
        "produces" : [ "application/json" ],
        "parameters" : [ {
          "name" : "userid",
          "in" : "path",
          "required" : true,
          "type" : "string"
        } ],
        "responses" : {
          "200" : {
            "description" : "Sample Description",
            "schema" : {
              "type" : "string"
            }
          }
        }
      }
    },
    "/transfer/searchfortransfers" : {
      "post" : {
        "tags" : [ "Transfer/SearchForTransfers" ],
        "summary" : "Search for file definitions",
        "consumes" : [ "application/json" ],
        "produces" : [ "application/json" ],
        "parameters" : [ {
          "in" : "body",
          "name" : "Element",
          "description" : "Sample Description",
          "required" : true,
          "schema" : {
            "$ref" : "#/definitions/Element"
          }
        } ],
        "responses" : {
          "200" : {
            "description" : "Sample Description",
            "schema" : {
              "type" : "string"
            }
          }
        }
      }
    },
    "/transfer/updatetransfer" : {
      "put" : {
        "tags" : [ "Transfer/UpdateTransfer" ],
        "summary" : "Update a file definition.",
        "consumes" : [ "application/json" ],
        "produces" : [ "application/json" ],
        "parameters" : [ {
          "in" : "body",
          "name" : "Element",
          "description" : "Sample Description",
          "required" : true,
          "schema" : {
            "$ref" : "#/definitions/Element"
          }
        } ],
        "responses" : {
          "200" : {
            "description" : "Sample Description",
            "schema" : {
              "type" : "string"
            }
          }
        }
      }
    },
    "/user/addadminuser" : {
      "post" : {
        "tags" : [ "User/AddAdminUser" ],
        "summary" : "Add admin user.",
        "consumes" : [ "application/json" ],
        "produces" : [ "application/json" ],
        "parameters" : [ {
          "in" : "body",
          "name" : "Element",
          "description" : "Sample Description",
          "required" : true,
          "schema" : {
            "$ref" : "#/definitions/Element"
          }
        } ],
        "responses" : {
          "200" : {
            "description" : "Sample Description",
            "schema" : {
              "type" : "string"
            }
          }
        }
      }
    },
    "/user/addtransferuser" : {
      "post" : {
        "tags" : [ "User/AddTransferUser" ],
        "summary" : "Add transfer user.",
        "consumes" : [ "application/json" ],
        "produces" : [ "application/json" ],
        "parameters" : [ {
          "in" : "body",
          "name" : "Element",
          "description" : "Sample Description",
          "required" : true,
          "schema" : {
            "$ref" : "#/definitions/Element"
          }
        } ],
        "responses" : {
          "200" : {
            "description" : "Sample Description",
            "schema" : {
              "type" : "string"
            }
          }
        }
      }
    },
    "/user/changepassword" : {
      "put" : {
        "tags" : [ "User/ChangePassword" ],
        "summary" : "Change password.",
        "consumes" : [ "application/json" ],
        "produces" : [ "application/json" ],
        "parameters" : [ {
          "in" : "body",
          "name" : "Element",
          "description" : "Sample Description",
          "required" : true,
          "schema" : {
            "$ref" : "#/definitions/Element"
          }
        } ],
        "responses" : {
          "200" : {
            "description" : "Sample Description",
            "schema" : {
              "type" : "string"
            }
          }
        }
      }
    },
    "/user/getuser/{userid}" : {
      "get" : {
        "tags" : [ "User/GetUser" ],
        "summary" : "Get user.",
        "produces" : [ "application/json" ],
        "parameters" : [ {
          "name" : "userid",
          "in" : "path",
          "required" : true,
          "type" : "string"
        } ],
        "responses" : {
          "200" : {
            "description" : "Sample Description",
            "schema" : {
              "type" : "string"
            }
          }
        }
      }
    },
    "/user/getuserprofiles" : {
      "post" : {
        "tags" : [ "User/GetUserProfiles" ],
        "summary" : "Get user profiles.",
        "consumes" : [ "application/json" ],
        "produces" : [ "application/json" ],
        "parameters" : [ {
          "in" : "body",
          "name" : "Element",
          "description" : "Sample Description",
          "required" : true,
          "schema" : {
            "$ref" : "#/definitions/Element"
          }
        } ],
        "responses" : {
          "200" : {
            "description" : "Sample Description",
            "schema" : {
              "type" : "string"
            }
          }
        }
      }
    },
    "/user/removeuser/{userid}" : {
      "delete" : {
        "tags" : [ "User/RemoveUser" ],
        "summary" : "Remove user.",
        "consumes" : [ "application/json" ],
        "produces" : [ "application/json" ],
        "parameters" : [ {
          "name" : "userid",
          "in" : "path",
          "required" : true,
          "type" : "string"
        } ],
        "responses" : {
          "200" : {
            "description" : "Sample Description",
            "schema" : {
              "type" : "string"
            }
          }
        }
      }
    },
    "/user/retrieveallusers" : {
      "get" : {
        "tags" : [ "User/RetrieveAllUsers" ],
        "summary" : "Retrieve all users.",
        "produces" : [ "application/json" ],
        "parameters" : [ ],
        "responses" : {
          "200" : {
            "description" : "Sample Description",
            "schema" : {
              "type" : "string"
            }
          }
        }
      }
    },
    "/user/updateuser" : {
      "patch" : {
        "tags" : [ "User/UpdateUser" ],
        "summary" : "Update user.",
        "consumes" : [ "application/json" ],
        "produces" : [ "application/json" ],
        "parameters" : [ {
          "in" : "body",
          "name" : "Element",
          "description" : "Sample Description",
          "required" : true,
          "schema" : {
            "$ref" : "#/definitions/Element"
          }
        } ],
        "responses" : {
          "200" : {
            "description" : "Sample Description",
            "schema" : {
              "type" : "string"
            }
          }
        }
      }
    },
    "/userprofile/adduserprofile" : {
      "post" : {
        "tags" : [ "UserProfile/AddUserProfile" ],
        "summary" : "Add user profile",
        "consumes" : [ "application/json" ],
        "produces" : [ "application/json" ],
        "parameters" : [ {
          "in" : "body",
          "name" : "Element",
          "description" : "Sample Description",
          "required" : true,
          "schema" : {
            "$ref" : "#/definitions/Element"
          }
        } ],
        "responses" : {
          "200" : {
            "description" : "Sample Description",
            "schema" : {
              "type" : "string"
            }
          }
        }
      }
    },
    "/userprofile/removeuserprofile" : {
      "post" : {
        "tags" : [ "UserProfile/RemoveUserProfile" ],
        "summary" : "Remove user profile.",
        "consumes" : [ "application/json" ],
        "produces" : [ "application/json" ],
        "parameters" : [ {
          "in" : "body",
          "name" : "Element",
          "description" : "Sample Description",
          "required" : true,
          "schema" : {
            "$ref" : "#/definitions/Element"
          }
        } ],
        "responses" : {
          "200" : {
            "description" : "Sample Description",
            "schema" : {
              "type" : "string"
            }
          }
        }
      }
    },
    "/userprofile/retrievealluserprofiles" : {
      "get" : {
        "tags" : [ "UserProfile/RetrieveAllUserProfiles" ],
        "summary" : "Retrieve all user profiles.",
        "produces" : [ "application/json" ],
        "parameters" : [ ],
        "responses" : {
          "200" : {
            "description" : "Sample Description",
            "schema" : {
              "type" : "string"
            }
          }
        }
      }
    },
    "/userprofile/updateuserprofile" : {
      "patch" : {
        "tags" : [ "UserProfile/UpdateUserProfile" ],
        "summary" : "Update user profile.",
        "consumes" : [ "application/json" ],
        "produces" : [ "application/json" ],
        "parameters" : [ {
          "in" : "body",
          "name" : "Element",
          "description" : "Sample Description",
          "required" : true,
          "schema" : {
            "$ref" : "#/definitions/Element"
          }
        } ],
        "responses" : {
          "200" : {
            "description" : "Sample Description",
            "schema" : {
              "type" : "string"
            }
          }
        }
      }
    }
  },
  "definitions" : {
    "Element" : {
      "type" : "object",
      "properties" : {
        "Description" : {
          "type" : "string"
        },
        "Name" : {
          "type" : "string"
        }
      }
    },
    "searchForAuditRequest" : {
      "type" : "object",
      "properties" : {
        "AuditID" : {
          "type" : "string"
        },
        "AuthGroupID" : {
          "type" : "string"
        },
        "ClientFileName" : {
          "type" : "string"
        },
        "Days" : {
          "type" : "string"
        },
        "Department" : {
          "type" : "string"
        },
        "FileID" : {
          "type" : "string"
        },
        "FromDate" : {
          "type" : "string"
        },
        "FromTime" : {
          "type" : "string"
        },
        "LocalTransactionID" : {
          "type" : "string"
        },
        "ServerFileName" : {
          "type" : "string"
        },
        "ServerType" : {
          "type" : "string",
          "enum" : [ "I", "B", "P" ]
        },
        "ToDate" : {
          "type" : "string"
        },
        "ToTime" : {
          "type" : "string"
        },
        "TransferStatus" : {
          "type" : "string",
          "enum" : [ "S", "F" ]
        },
        "TransferUserID" : {
          "type" : "string"
        },
        "UserID" : {
          "type" : "string"
        }
      }
    },
    "removeAuditRequest" : {
      "type" : "object",
      "properties" : {
        "AuditID" : {
          "type" : "string"
        },
        "Days" : {
          "type" : "string"
        },
        "PurgeDate" : {
          "type" : "string"
        },
        "ServerType" : {
          "type" : "string"
        }
      }
    }
  }
}